FirstName,Lastname,username,password,OU
Krembo,1,Krembo1,,
Krembo,2,Krembo2,,
Krembo,3,Krembo3,,
Krembo,4,Krembo4,,
Krembo,5,Krembo5,,
Krembo,6,Krembo6,,
Krembo,7,Krembo7,,
Krembo,8,Krembo8,,
Krembo,9,Krembo9,,
Krembo,10,Krembo10,,
Krembo,11,Krembo11,,
Krembo,12,Krembo12,,
Krembo,13,Krembo13,,
Krembo,14,Krembo14,,
Krembo,15,Krembo15,,
Krembo,16,Krembo16,,
Krembo,17,Krembo17,,
Krembo,18,Krembo18,,
Krembo,19,Krembo19,,
Krembo,20,Krembo20,,
Krembo,21,Krembo21,,
Krembo,22,Krembo22,,
Krembo,23,Krembo23,,
Krembo,24,Krembo24,,
Krembo,25,Krembo25,,
Krembo,26,Krembo26,,
Krembo,27,Krembo27,,
Krembo,28,Krembo28,,
Krembo,29,Krembo29,,
Krembo,30,Krembo30,,
Krembo,31,Krembo31,,
Krembo,32,Krembo32,,
Krembo,33,Krembo33,,
Krembo,34,Krembo34,,
Krembo,35,Krembo35,,
Krembo,36,Krembo36,,
Krembo,37,Krembo37,,
Krembo,38,Krembo38,,
Krembo,39,Krembo39,,
Krembo,40,Krembo40,,
Krembo,41,Krembo41,,
Krembo,42,Krembo42,,
Krembo,43,Krembo43,,
Krembo,44,Krembo44,,
Krembo,45,Krembo45,,
Krembo,46,Krembo46,,
Krembo,47,Krembo47,,
Krembo,48,Krembo48,,
Krembo,49,Krembo49,,
Krembo,50,Krembo50,,
Krembo,51,Krembo51,,
Krembo,52,Krembo52,,
Krembo,53,Krembo53,,
Krembo,54,Krembo54,,
Krembo,55,Krembo55,,
Krembo,56,Krembo56,,
Krembo,57,Krembo57,,
Krembo,58,Krembo58,,
Krembo,59,Krembo59,,
Krembo,60,Krembo60,,
Krembo,61,Krembo61,,
Krembo,62,Krembo62,,
Krembo,63,Krembo63,,
Krembo,64,Krembo64,,
Krembo,65,Krembo65,,
Krembo,66,Krembo66,,
Krembo,67,Krembo67,,
Krembo,68,Krembo68,,
Krembo,69,Krembo69,,
Krembo,70,Krembo70,,
Krembo,71,Krembo71,,
Krembo,72,Krembo72,,
Krembo,73,Krembo73,,
Krembo,74,Krembo74,,
Krembo,75,Krembo75,,
Krembo,76,Krembo76,,
Krembo,77,Krembo77,,
Krembo,78,Krembo78,,
Krembo,79,Krembo79,,
Krembo,80,Krembo80,,
Krembo,81,Krembo81,,
Krembo,82,Krembo82,,
Krembo,83,Krembo83,,
Krembo,84,Krembo84,,
Krembo,85,Krembo85,,
Krembo,86,Krembo86,,
Krembo,87,Krembo87,,
Krembo,88,Krembo88,,
Krembo,89,Krembo89,,
Krembo,90,Krembo90,,
Krembo,91,Krembo91,,
Krembo,92,Krembo92,,
Krembo,93,Krembo93,,
Krembo,94,Krembo94,,
Krembo,95,Krembo95,,
Krembo,96,Krembo96,,
Krembo,97,Krembo97,,
Krembo,98,Krembo98,,
Krembo,99,Krembo99,,
Krembo,100,Krembo100,,
Krembo,101,Krembo101,,
Krembo,102,Krembo102,,
Krembo,103,Krembo103,,
Krembo,104,Krembo104,,
Krembo,105,Krembo105,,
Krembo,106,Krembo106,,
Krembo,107,Krembo107,,
Krembo,108,Krembo108,,
Krembo,109,Krembo109,,
Krembo,110,Krembo110,,
Krembo,111,Krembo111,,
Krembo,112,Krembo112,,
Krembo,113,Krembo113,,
Krembo,114,Krembo114,,
Krembo,115,Krembo115,,
Krembo,116,Krembo116,,
Krembo,117,Krembo117,,
Krembo,118,Krembo118,,
Krembo,119,Krembo119,,
Krembo,120,Krembo120,,
Krembo,121,Krembo121,,
Krembo,122,Krembo122,,
Krembo,123,Krembo123,,
Krembo,124,Krembo124,,
Krembo,125,Krembo125,,
Krembo,126,Krembo126,,
Krembo,127,Krembo127,,
Krembo,128,Krembo128,,
Krembo,129,Krembo129,,
Krembo,130,Krembo130,,
Krembo,131,Krembo131,,
Krembo,132,Krembo132,,
Krembo,133,Krembo133,,
Krembo,134,Krembo134,,
Krembo,135,Krembo135,,
Krembo,136,Krembo136,,
Krembo,137,Krembo137,,
Krembo,138,Krembo138,,
Krembo,139,Krembo139,,
Krembo,140,Krembo140,,
Krembo,141,Krembo141,,
Krembo,142,Krembo142,,
Krembo,143,Krembo143,,
Krembo,144,Krembo144,,
Krembo,145,Krembo145,,
Krembo,146,Krembo146,,
Krembo,147,Krembo147,,
Krembo,148,Krembo148,,
Krembo,149,Krembo149,,
Krembo,150,Krembo150,,
Krembo,151,Krembo151,,
Krembo,152,Krembo152,,
Krembo,153,Krembo153,,
Krembo,154,Krembo154,,
Krembo,155,Krembo155,,
Krembo,156,Krembo156,,
Krembo,157,Krembo157,,
Krembo,158,Krembo158,,
Krembo,159,Krembo159,,
Krembo,160,Krembo160,,
